id,email,password,handle
1,lvery0@uol.com.br,tP9%t?M,fbeneze0
2,tchadney1@pbs.org,"tI0,U<}",acornwell1
3,kcooling2@pagesperso-orange.fr,"oW5@3j}I,E",rcullen2
4,bspykings3@nps.gov,gZ8\Qv2,owoodthorpe3
5,ajewell4@4shared.com,bK6+`V\,mmccay4
6,rashby5@t.co,cY4<$lj5gH,jseamans5
7,gbesque6@xrea.com,lH0+}<.1xf4,llegerton6
8,ssuffield7@chron.com,tJ3?<?t#V`U,mzambonini7
9,bshemilt8@nba.com,sN6?0~3,rbeek8
10,aguiver9@cam.ac.uk,bX0}al*H07,amullan9
11,lgatera@ihg.com,pH3+B8lq,wchevolleaua
12,flopeb@forbes.com,xS7>oc`,ykarranb
13,atuckleyc@uol.com.br,kN3|JvD~5*=,wbrounfieldc
14,kkunischd@artisteer.com,kD1~+s,mpittemd
15,aautrye@domainmarket.com,qC1)'WO\O,egiacubboe
16,bsperryf@unblog.fr,aQ4`3c,aevennettf
17,bjobbingsg@cargocollective.com,"eT9""R5?",blilywhiteg
18,cdonwellh@slideshare.net,wJ9~\un`hLr5,fswadenh
19,epilgrimi@360.cn,xK2(J8mP*,rlongcakei
20,malenikovj@phpbb.com,wG1+<m'Pyyzc,kputtonj
21,rlunnyk@creativecommons.org,cW3)VT6,flarcierk
22,blomanseyl@wikipedia.org,eW3<NpIH_y%,cpittaml
23,gtettherm@patch.com,lN4*TTojn,blandonm
24,ospurrn@ft.com,uN5?D9w9,edalesion
25,kboscotto@newyorker.com,pV4*o'1'q_i/,smarsyo
26,skernesp@cdbaby.com,"hI3&""{Jo#2C",dmarushakp
27,jskipworthq@icio.us,fJ4@q)f(klp},rcartmailq
28,btriswellr@intel.com,"nH1!""v",hgrushinr
29,gdowless@theatlantic.com,"pO4""#Iw}#A@l",wbryentons
30,bpauleyt@nsw.gov.au,fN3|E>,gdishmont
31,bfeehanu@imageshack.us,sZ1+bJ|j7mZt,dwebenu
32,acluckiev@oracle.com,"mC7""Ber4y",bgengev
33,egammettw@theguardian.com,rI4\UNG`\y,nsmeadw
34,bellimanx@comsenz.com,"sD9!{hXJ+""",djillardx
35,gjeansy@globo.com,qX2}c<5N,hwidocksy
36,elerganz@blogs.com,qG6/$r|EU\L,okinchz
37,athurston10@dion.ne.jp,"qD9,'sy&\r",sbernot10
38,ddarnbrough11@narod.ru,"cN8\,hv""$$",vcormode11
39,edollimore12@theguardian.com,"mY2#+\h,WBD",tsuttie12
40,upietasch13@nydailynews.com,wV1~~nBI@=,pcaslin13
41,amahaddie14@simplemachines.org,oU4_}{aSOo,rsummerfield14
42,dpymar15@tiny.cc,xS3&tmtN,earkwright15
43,kpaoli16@aol.com,zY4.+olu,echampness16
44,gpantling17@wired.com,nR8+VYE{,bgrocock17
45,fsansome18@about.com,nA5.Vy,ginett18
46,ciltchev19@yahoo.com,xX1/CDqd,tshewry19
47,chigbin1a@wordpress.org,nE4=v*,isexstone1a
48,tchristauffour1b@weibo.com,zF7|f*,jsneddon1b
49,allop1c@un.org,zB7=Uco>w,tritzman1c
50,nhenrichs1d@is.gd,eQ6`o/5M,hselwyn1d
51,gtourville1e@quantcast.com,oA3}BP6rs4,ccarnalan1e
52,bwasteney1f@wikimedia.org,aQ8)YuiJ\(,xcrookshank1f
53,tcorley1g@cbslocal.com,wF2&7Z,mmacclay1g
54,lfortune1h@theglobeandmail.com,"xF3""J1u=\",cdunkinson1h
55,scordel1i@bloglovin.com,uJ1(l0!o5L/,fgoghin1i
56,gbahls1j@epa.gov,lG6`{#,bhasser1j
57,mmclellan1k@va.gov,sE8|K9$,lciccerale1k
58,seasman1l@wordpress.com,wR4'Ojk<Xn,hslott1l
59,mbaversor1m@networksolutions.com,xV6$n=|mf~oa,ypratt1m
60,ndebeauchamp1n@harvard.edu,"iQ1}F,5>",cvirr1n
61,mdubois1o@flavors.me,"dF4*H&I7m""H!",ofawkes1o
62,mpech1p@rediff.com,sE4)>zRUAlDY,mszanto1p
63,jmildmott1q@geocities.jp,hQ2$KQ,cmorphey1q
64,bolivo1r@weebly.com,rW4`YVe9,pcranna1r
65,rarnot1s@chronoengine.com,xZ8%1/=S,vbruneton1s
66,dsaket1t@amazon.com,hX4?P1OKP,opersey1t
67,kvassano1u@hc360.com,iY7(bx&,asouthon1u
68,kconnikie1v@gov.uk,rU8./`#9y*,cmaps1v
69,msvanetti1w@nbcnews.com,tY0&6E?,calmeida1w
70,futterson1x@123-reg.co.uk,rD1@JYLm,dgittose1x
71,abirdall1y@blog.com,"oJ7~""sc~Y",udurbyn1y
72,hauguste1z@blogs.com,dM6\_Y,hcaldeiro1z
73,rfogden20@drupal.org,aQ9'8h{nneP,aborthwick20
74,gvales21@slashdot.org,qO3*(D,clewsy21
75,ddurrett22@theglobeandmail.com,tI3_v>,msprankling22
76,flambie23@bandcamp.com,oZ1\1u/nC&,hpleace23
77,chasel24@blogspot.com,uU7/B'?!Fm,mspooner24
78,lbonds25@fotki.com,"xK1""&}O",broscow25
79,cbruckmann26@ucoz.com,gL4@ABT,alemonnier26
80,achipchase27@geocities.jp,qQ8>/h&IO,cmuggleston27
81,aleggin28@nbcnews.com,aG5$Ri,tshelp28
82,acaslin29@buzzfeed.com,wK5+<S3|/,jalfonsetto29
83,alauridsen2a@jimdo.com,rK6{M?QJ~,bjeffcoate2a
84,arawdales2b@yahoo.com,iF3$Iu,dgokes2b
85,nmaine2c@scientificamerican.com,aB2}esn6D,lghilardi2c
86,darpur2d@fda.gov,"kP5!2%J,*Kl",oeley2d
87,fsaile2e@howstuffworks.com,gK0$9w?Q,glathee2e
88,nfarney2f@illinois.edu,dW9\A3YDM`E,rpechan2f
89,gkillingbeck2g@netlog.com,sR9)~LxnwX,aguitton2g
90,esach2h@cbc.ca,oM6&&fIIL2,cgaskin2h
91,gwilflinger2i@scribd.com,"cV5.=w""Qd",toxlee2i
92,jorr2j@vimeo.com,lV6>rNjp'P,gboffey2j
93,fcumesky2k@yahoo.com,"uG1,@zi56|",rkearns2k
94,dlinskey2l@google.it,nS9!x~,mboate2l
95,tmaudling2m@hhs.gov,bW4}8>i,dclears2m
96,ctroop2n@un.org,bD3\2G?,ipeterson2n
97,npeddowe2o@netlog.com,gB8.~qO|,schurchard2o
98,ctupling2p@amazon.co.jp,"jS8@|{7,3xc",hgleave2p
99,dhallbird2q@cmu.edu,cR0!kEzk,gfinlayson2q
100,tmcgriele2r@behance.net,"lZ5,|F8*B1",kmolyneaux2r
101,splank2s@chron.com,lA0!e9t,gjelks2s
102,rbeswetherick2t@state.gov,iK1%?mu,gpichan2t
103,odinkin2u@hao123.com,yM5~kAs,tcowton2u
104,rberthe2v@washington.edu,"oC5""U99peM",tnavein2v
105,jmccullogh2w@themeforest.net,cH3_i1R9gqI,horhtmann2w
106,kberthomieu2x@howstuffworks.com,uK1_`K9G.$B4,nsabie2x
107,dploughwright2y@biglobe.ne.jp,tB1|9wRx_,troderham2y
108,wquartley2z@harvard.edu,"fM6,ne#Xa",mfeatley2z
109,bholton30@unblog.fr,eK0!w))$,tmayoral30
110,kech31@github.com,zL3.4|`9r,bbattey31
111,analdrett32@hostgator.com,oR9`!j_h,bedess32
112,nholehouse33@bloglovin.com,dX6?7ir~fi,ypacke33
113,gmaruszewski34@shareasale.com,bR1@&u,bleband34
114,sposchel35@omniture.com,rS9?5`#d2,mchuney35
115,nharbar36@disqus.com,dW8$)@{+,ohuzzey36
116,estampfer37@friendfeed.com,aR6`nV#T=<,mbettington37
117,okobierski38@scientificamerican.com,iM2{HRhZq,bjewise38
118,keskrick39@jiathis.com,"wB8.}&1""",llillistone39
119,zcollen3a@arizona.edu,iT9.~Cwk\q,mmoehler3a
120,rcruz3b@quantcast.com,sR6|ko/i68,rwoolfall3b
121,aprott3c@omniture.com,eG0.v}@''&,lflanagan3c
122,qberre3d@google.com,sY3~*lLE&,cteenan3d
123,bgroveham3e@eepurl.com,jX6~bh%,zarmin3e
124,sshegog3f@google.fr,nO0|ho,dalesi3f
125,mbarfoot3g@vinaora.com,aA8`=2By8TiU,kovershott3g
126,csmieton3h@cdc.gov,"wZ6#cXv""gV",talcorn3h
127,tmawne3i@desdev.cn,tQ9=F#sJ,tbrokenshire3i
128,lstudholme3j@google.ru,gB0=I#hs,cfarress3j
129,dveitch3k@nyu.edu,cC1!KHq.5,amalling3k
130,jpetasch3l@about.me,nN9~3Kum='aj,lyearsley3l
131,fwhitley3m@guardian.co.uk,lL8$Z_{`tAJ,egettings3m
132,cannett3n@freewebs.com,uM7\1>TR60,jkermott3n
133,zlamey3o@blogtalkradio.com,aH3`yM/5D,theavyside3o
134,rodriscoll3p@psu.edu,jL8#s!,ybonevant3p
135,rscotting3q@paypal.com,"qK4""(k",mbedboro3q
136,hrobker3r@nps.gov,pZ2)Y}I,amattussevich3r
137,khebbes3s@youtu.be,fJ9~<iI,taxford3s
138,gbolton3t@yandex.ru,"eF4""<65'1%/b",jtease3t
139,jgarcia3u@so-net.ne.jp,sU3`XW{h,khyndson3u
140,oblown3v@amazon.co.uk,lS9|?H8eJz=,tcockman3v
141,boughton3w@mlb.com,dU5'd9,nbreeds3w
142,bmaha3x@sakura.ne.jp,"dH0`~e+g$5Q""",silliston3x
143,gtreherne3y@soup.io,vC7!#@,aagott3y
144,cbirckmann3z@dmoz.org,jS7~\j#lkPl,sgarwill3z
145,rfludgate40@mayoclinic.com,qB1<}+l~J,pnelthorp40
146,ppetris41@weebly.com,eM9?0DK}0wJE,ncrittal41
147,dast42@sun.com,xW4>OSuo',fguppie42
148,dluesley43@twitpic.com,uS3\3&Y*,bmateos43
149,dcheney44@nih.gov,"yW1!xc>rE,",ttembey44
150,fhiggonet45@cdbaby.com,oU2&nh!|,atilling45
151,ceat46@dyndns.org,zV7|C{KVL,dindge46
152,cvernazza47@mapquest.com,lD5_XMP`){P,btringham47
153,ndunbobin48@symantec.com,"hB8$=,",jfreiburger48
154,bcanny49@is.gd,tV2)f(79Wx~S,mbenard49
155,fblackney4a@aol.com,mK3@5y!R\h(,kandreoletti4a
156,mdiver4b@yellowbook.com,cC6%*{<,mhargreave4b
157,kschinetti4c@shutterfly.com,wG4`UN,skauble4c
158,bfellgatt4d@tiny.cc,eP7/W!>KY\=,lsillito4d
159,dwhittlesey4e@indiegogo.com,kS9'.jKwY_t,sjeavons4e
160,clongea4f@businesswire.com,uJ2|9erf,ndickie4f
161,eedgeson4g@sfgate.com,qA8%S<j4,mthickens4g
162,dvinall4h@usatoday.com,yR2(1L#z4|`?,jpritchard4h
163,bgatland4i@nbcnews.com,jV9~{nB,zkinnar4i
164,mgreaser4j@tinypic.com,oU9$|q$,afeaks4j
165,tworpole4k@fotki.com,"yJ8""I(n~,_",gtoppes4k
166,ebendan4l@photobucket.com,vV3}#N,mkennan4l
167,bgussin4m@bigcartel.com,pW7=2m((z,dleeuwerink4m
168,srubin4n@furl.net,uM5%W$Q'@,pmadigan4n
169,lbaudry4o@go.com,mQ2@/0hl%_U,geves4o
170,kdeane4p@psu.edu,"iA2'0""D7nAp$",landresser4p
171,efosten4q@dmoz.org,"eN9)yo42,",sjudkin4q
172,wnutbrown4r@gnu.org,"lD3""{Ws2mMp",rpendrigh4r
173,mkhadir4s@1688.com,eX7%@X5,rcansfield4s
174,chinken4t@skype.com,uL3`_RRa,hfishly4t
175,jlening4u@squarespace.com,mX1#'c+B&,nlinscott4u
176,hmirfield4v@vkontakte.ru,uA1/9C,tbartlomiejczyk4v
177,jnolin4w@123-reg.co.uk,gK1}1%\,tyendall4w
178,akobke4x@disqus.com,vZ2\o(#BA,ftombleson4x
179,hmaypes4y@yellowbook.com,qE9+!Za,nlindemann4y
180,rwaldocke4z@behance.net,qF2$7U*8/E,wtomicki4z
181,khorsfield50@netvibes.com,tU3<Qj,zeminson50
182,ryo51@jigsy.com,eM7.9`,ldearnley51
183,amoen52@indiegogo.com,"uN7,OBog72",wpimblott52
184,sscragg53@so-net.ne.jp,rN1`E&db,qbeggs53
185,omcgee54@ehow.com,"jY8,""XqCmJ>7",jcalterone54
186,btomczynski55@rambler.ru,lI0{JO4PRK,hlambole55
187,vblythin56@home.pl,oZ1.O4{'w,mhighnam56
188,feickhoff57@hhs.gov,"gG2,6'}b`FBA",zreadwood57
189,vyeo58@topsy.com,mD8*C=*?,dwadsworth58
190,twhaley59@tumblr.com,gW0$CN,aellerker59
191,champton5a@moonfruit.com,gQ9&#~VP+\P,fgrund5a
192,hpakenham5b@goo.ne.jp,rA7`_6w.S,kkleinpeltz5b
193,oeyes5c@over-blog.com,cU0}6clPA3.,kdunmore5c
194,amaffin5d@si.edu,lV9&_U/LH6,nshipcott5d
195,blorie5e@webmd.com,jW3)NruHK#o,wclaypoole5e
196,ghandrek5f@home.pl,lB2@lCLnaghM,airons5f
197,mbrinkley5g@phpbb.com,tL9)yRM+mY,shaburne5g
198,jsoppit5h@gizmodo.com,gY1!S\JPN,lreiglar5h
199,neckersley5i@163.com,"cB0(S,&*<f7""",cfust5i
200,ltylor5j@engadget.com,bY6{Pme4NQ6,cscarth5j
201,mrive5k@hp.com,uJ5'qFX|00,atoolan5k
202,bsagg5l@github.com,gQ9@~=Jx=?w,jdorn5l
203,njura5m@vk.com,bG2\Fw'yb,ihellen5m
204,ecollacombe5n@wisc.edu,zJ0+ijj2`,ddemchen5n
205,cfarleigh5o@goo.ne.jp,sS1#T/K\2qf9,mbonanno5o
206,golechnowicz5p@theglobeandmail.com,"zA2{""}",cwych5p
207,sclears5q@amazon.de,zF6~$h1!f,jblaisdell5q
208,gwilmot5r@theguardian.com,uO0\'{+,cpetriello5r
209,itonry5s@cpanel.net,yY0|!uT6,ofounds5s
210,tpennycook5t@shareasale.com,bU9+%x,cjirick5t
211,mdarter5u@4shared.com,gO3#l2n,lchadwen5u
212,mfelipe5v@auda.org.au,zR6%`UWO&T,mdimmick5v
213,mwhithalgh5w@digg.com,rM7$#|ZU5,etook5w
214,mgallen5x@scribd.com,"wM5)Au""1!6xM",nyurocjkin5x
215,trawood5y@ted.com,fW3/UQMEW&J!,ndenisot5y
216,hnorster5z@slate.com,lN0_}`,jhodgon5z
217,tdeddum60@reuters.com,eY4*?~,chouse60
218,tpierri61@webs.com,rN3~\rp(,asmallpeice61
219,adanielli62@etsy.com,qT5(_9K%c4,sheart62
220,aartharg63@ezinearticles.com,vH3@wST,myorath63
221,njanousek64@upenn.edu,vX4<C<\I3R{,vhaster64
222,ituite65@sphinn.com,yT5@G=S,wdixson65
223,frollingson66@freewebs.com,hA4}Iu8G,strenouth66
224,cgatenby67@homestead.com,vJ5~lQU,tpadillo67
225,gfortie68@tamu.edu,mD4(6KU.RRG,palltimes68
226,pmckenzie69@godaddy.com,mG8>TZBTWRBj,hmulliner69
227,scuphus6a@foxnews.com,cD5`KE8)3,rbezants6a
228,sorro6b@digg.com,oY9.'Ifi,cmaddicks6b
229,kbagworth6c@gizmodo.com,zH0<??VRk76L,nredfield6c
230,aaidler6d@constantcontact.com,"cR4,)zIN65~x",cbaccup6d
231,abrownett6e@i2i.jp,fC7%a#5h,bcawthry6e
232,rruegg6f@tripadvisor.com,bL3)bfuC,fclue6f
233,rculverhouse6g@washingtonpost.com,qC9/$/sGHL},ifolds6g
234,gdanielut6h@cloudflare.com,sA1`<DQDn#Lh,adoe6h
235,gspeller6i@usgs.gov,oJ0*AA7=ejWp,vgobert6i
236,mudie6j@wikipedia.org,rG8>@=h#Sc_N,kheady6j
237,kgreene6k@baidu.com,uF6/<9MXLk,ssexon6k
238,ahowman6l@theatlantic.com,kL3.%$|>,mbaglin6l
239,esill6m@photobucket.com,yL8~~22m?,sclouter6m
240,gstigers6n@blogs.com,xH3?{_jQ1sRR,rcartmill6n
241,dkennon6o@blinklist.com,tB6!D('eT6,mleachman6o
242,lbarkly6p@mysql.com,rM6`Opq,rcankett6p
243,rkellett6q@soundcloud.com,dO7)=u,asaddington6q
244,rscyner6r@list-manage.com,kB4/wQTgvwab,awinsor6r
245,ebattson6s@clickbank.net,"oY5""3j4",ctreat6s
246,sshelmardine6t@clickbank.net,qM1+bqO,adabney6t
247,sleupold6u@redcross.org,"tX3,{}8%Z",khopewell6u
248,nbunny6v@etsy.com,"pB6%_""7g",ralleyne6v
249,zwringe6w@4shared.com,rD0_j',brany6w
250,lmouncher6x@mashable.com,wE6}sL@tdmdg,tbee6x
251,hfeasley6y@tumblr.com,"jE2/,P4M{$&I",slademann6y
252,tgrgic6z@i2i.jp,xB3{3ia},nbirtles6z
253,swomersley70@wsj.com,"iC6@x2""rB<",pnorgan70
254,sgostridge71@usda.gov,fF5/mU,gweld71
255,fshingler72@storify.com,eA0&dZn,dlembrick72
256,dfallows73@google.it,fC7<>sM,ayuryev73
257,tosullivan74@gmpg.org,"zD3,>`&""kJ",sfranc74
258,gdaunay75@alibaba.com,iS8_jfAcFRBH,crowly75
259,dbroader76@hubpages.com,fL1.9c3{ddo,cgowman76
260,cgriffiths77@spiegel.de,oE3`K\u,gacosta77
261,hblazic78@whitehouse.gov,vE9=4ft}z,tboulde78
262,jpoulett79@uol.com.br,dN1#=#O,sternault79
263,joconnor7a@dropbox.com,fZ0*3o1,fpockey7a
264,nsatterthwaite7b@pagesperso-orange.fr,nX3/8Cf&Gn6,ngrindell7b
265,ewigin7c@unc.edu,bF6&8p}6Se,rbittleson7c
266,mbeardon7d@java.com,oD4?TJ,hfrith7d
267,ewapple7e@ask.com,"cQ6+P9.O""P""L",mpiscopello7e
268,oplom7f@wired.com,xL5>VI$A,svasyushkhin7f
269,zmaffiotti7g@tripod.com,rU0{)7acBS,cleuchars7g
270,cthebe7h@china.com.cn,nV9<j>/LM,omegroff7h
271,kballaam7i@seattletimes.com,pR5~>P{bXk,mbickle7i
272,bgasperi7j@zimbio.com,nB4$J~t,kwhitehall7j
273,wsanpher7k@state.tx.us,cK8$w0l,dclayson7k
274,lbarwack7l@sun.com,"oE8#ge""o""SJc",dwheelton7l
275,gkeane7m@ask.com,jB1!Gmx,kpoff7m
276,chaisell7n@w3.org,vH4|BUp,bpetts7n
277,bfretwell7o@xrea.com,dE6(`KeoE8d,cconfort7o
278,mmacmychem7p@businessweek.com,"hA2&0fCn5cA,",tbeverley7p
279,jdunican7q@sourceforge.net,kW9>)Q0,glowers7q
280,vshallo7r@prnewswire.com,"nT9)|%,lY)o",bstolle7r
281,aschuricht7s@miibeian.gov.cn,vS3.Xfg)8JiE,mdagleas7s
282,maudiss7t@sogou.com,"wA7.""#&\H",nhorney7t
283,gpennycook7u@about.me,vV0&w3,oaldrick7u
284,kchalkly7v@a8.net,sD2*$4dipix,dvanarsdall7v
285,cfeldharker7w@timesonline.co.uk,"tY8,"".W""~Op",ahamper7w
286,bevison7x@nsw.gov.au,eR3`2_Xo,gpifford7x
287,aschirok7y@twitter.com,uD9}TI||u,bcharrier7y
288,dramsbotham7z@webnode.com,uV2~%y,swadmore7z
289,ianstis80@twitpic.com,yB4~xF{=Tbu,mhaton80
290,bdoyley81@businessweek.com,kG3')&/\d,alusty81
291,fblankett82@liveinternet.ru,pN8?w/4h%$,ajacobowits82
292,ubohlsen83@google.fr,gU6<7*%I+B$6,arichens83
293,joheagertie84@accuweather.com,yR4*#GQl.m,jthackston84
294,lbayley85@eepurl.com,gB6'fu,bsill85
295,gchiechio86@google.com.hk,"kC9/E|G,C1OA",dsawnwy86
296,ldudny87@histats.com,"qK1{tX*,})y",maust87
297,sbrinkler88@nsw.gov.au,wZ0?i3_4|4T,cstanistrete88
298,csproson89@joomla.org,xW0.s5,olickess89
299,dranking8a@abc.net.au,"tR4,pK\AV",rjindrich8a
300,tkarp8b@dagondesign.com,xC0+#E!U,dheselwood8b
301,cbertl8c@indiatimes.com,sL3!~0$u}4Fd,dlapthorn8c
302,waarons8d@nationalgeographic.com,oW7<c#S!,ldeancywillis8d
303,jspringtorpe8e@amazon.com,iG5+D0@djdl,unarraway8e
304,cfraulo8f@people.com.cn,oC5~QD<YX?\Z,pboshell8f
305,scutmare8g@unicef.org,yF5<mXg4|O,lewbach8g
306,flaurence8h@liveinternet.ru,kU9)X5~,beveral8h
307,lrenahan8i@cargocollective.com,uI0/6!=JqVh,crodenburgh8i
308,hmcwhan8j@soundcloud.com,"rZ0&6T,<",ecaruth8j
309,deakens8k@ed.gov,cH2&am,sflegg8k
310,lmateuszczyk8l@washingtonpost.com,"zY5""5$+~ff?",kegglestone8l
311,asimeone8m@google.pl,bW3~R\cOp,yrenihan8m
312,sriceards8n@scientificamerican.com,kF6+L2ua%(X,spedican8n
313,jfranzini8o@harvard.edu,gF4?p_j/GYX,ncherrison8o
314,mdensie8p@ca.gov,oE4#*3A,ashord8p
315,aferriman8q@hostgator.com,"oY8!""2",cmatteris8q
316,eseymark8r@drupal.org,nH8~EaLtZ2E,jpughe8r
317,joborne8s@nih.gov,"dP9,7TC@Z",khellwich8s
318,abrisset8t@bloglovin.com,"zB0$r,!JsLK)",peltun8t
319,hgymblett8u@hc360.com,zT7@>%,othireau8u
320,mstrongman8v@oakley.com,uV7.d),dlitzmann8v
321,voseland8w@myspace.com,gU2&%yc,asmittoune8w
322,kdalwood8x@smugmug.com,wI1>tjw3,ghalpine8x
323,kbohlingolsen8y@youku.com,pA1*5|6Au#$~,stitlow8y
324,hgeraudy8z@posterous.com,dN6_'#bp(6`,lsnoad8z
325,vsoppeth90@goodreads.com,kX5#qP9mj&,lshatford90
326,adasent91@etsy.com,kY2(W)XJ,cspanton91
327,mfynan92@people.com.cn,"cX5,2K6>S",shappel92
328,tbowler93@constantcontact.com,lV5+yE+V,erattenbury93
329,cglisenan94@businessweek.com,dM6\l!m`,wdowell94
330,sdeane95@msn.com,yW8!t685##|,gbatchley95
331,abridge96@reddit.com,jL2{My,ekuhlmey96
332,zmerry97@a8.net,hI9_8zp1Gl,bvlies97
333,abetterton98@furl.net,vV9\}l,fbrownjohn98
334,smacgeaney99@360.cn,gQ7}lrRWFL,tjobey99
335,pgabitis9a@printfriendly.com,uB5+X6j%,hskip9a
336,rrosenfelt9b@netvibes.com,aW2!oY(3dx,bfisk9b
337,sbrawson9c@mapy.cz,eE1`g`tH,lchinn9c
338,eblasli9d@artisteer.com,kT2@c=!xV,dlamperd9d
339,mgolton9e@usda.gov,gM3{Yw,npauluzzi9e
340,cpiotrkowski9f@oakley.com,bJ3_f@#xNZj,kclatworthy9f
341,cklos9g@arizona.edu,qV5.tk/,mjaxon9g
342,hsutherley9h@unblog.fr,pS9+Cm#Q%#Z?,vwynes9h
343,mitzkin9i@mit.edu,yJ1{SEp,twickstead9i
344,ccharlotte9j@businesswire.com,rD3@m!M,cdeeson9j
345,abenettini9k@goodreads.com,iH3{.ZP,bfielder9k
346,hpavlitschek9l@google.co.jp,eZ5<6A+)3,riskow9l
347,cbrute9m@soup.io,"hJ6),9/*<t3",hjedrys9m
348,nfrayne9n@sbwire.com,xB2/!!vi=#>q,mtopliss9n
349,tgrahame9o@vistaprint.com,mW3\th_gUpgV,vtidswell9o
350,jsheahan9p@dmoz.org,rS6{Qz,fbohlens9p
351,ascrivenor9q@webnode.com,"uJ5,M~",fmcgillivray9q
352,wducker9r@plala.or.jp,rO8!\iT6h5,trickword9r
353,scodd9s@imdb.com,kA5*de!,rfaltin9s
354,ssoutham9t@edublogs.org,wO3=5)Tac#G,lferro9t
355,sogan9u@indiegogo.com,hO3_zt<mY`lR,mbesantie9u
356,hwheadon9v@thetimes.co.uk,lA3)a\H5}A$,arodrigo9v
357,krubi9w@mayoclinic.com,eO5!7kOx,cflorio9w
358,nschutter9x@typepad.com,"mV5./xOsV""C@",dbrawn9x
359,kbuckston9y@narod.ru,fX5'XvuGCeEb,msisley9y
360,sgodsal9z@w3.org,"lX7|""BC)B}6o",amckeown9z
361,hmaccraea0@shutterfly.com,kP9/$u<o~3,dparkinsa0
362,relvidgea1@icq.com,vT6+.'&q,rvanyatina1
363,cettridgea2@diigo.com,qL4>YV%b8T,khillina2
364,ostenninga3@hhs.gov,oP5?1|G)Ca>,lskupinskia3
365,jgerlacka4@wikispaces.com,"kE9""D?~%qg+",kseddona4
366,awatermana5@java.com,sR9&mwxor$W#,dkitchinghana5
367,rmoulsdalla6@cyberchimps.com,wG9<@L0M(,dspantona6
368,wslatforda7@un.org,eU3`XxH1UL*,omixona7
369,iburnyeata8@deviantart.com,aN5&r!bM,fdevoya8
370,dblossa9@360.cn,dW7(CYJ\T,scammacka9
371,kedsellaa@sciencedaily.com,kY5&yf.,igerardaa
372,jchastangab@de.vu,"gQ4,j/W`",ccroppab
373,jjiggensac@so-net.ne.jp,qD9+Z<e_,adachsac
374,cweldenad@tripod.com,oV3&}xR71#)W,lscowenad
375,gtremethackae@woothemes.com,"aV6),,xo""?c=",nmeltonae
376,bspridgenaf@desdev.cn,jE4}UIvSV,bbraunleinaf
377,bguineryag@deliciousdays.com,vI3.#t\6z+,dorourkeag
378,tjohannessonah@dion.ne.jp,jF8<h.TUI,twinspareah
379,avargaai@dailymail.co.uk,"fX0`x_"".|PhL",lsimkinsai
380,cattackaj@shareasale.com,tM5{I8f,rglanvilleaj
381,csavellak@jimdo.com,lW8.Ivm*iB,lwickersonak
382,lgiffautal@google.com,hU9?~`~Q,dbonseyal
383,rhannibalam@dailymotion.com,jM6$vK,dtrembertham
384,landrickan@virginia.edu,gT0&6=CLr,mkennewellan
385,nolletao@mapquest.com,zV5#eIr'Nd_P,astclairao
386,ybrownap@usgs.gov,qN1)|GdJ}H,cjarmanap
387,fkernermannaq@usda.gov,hD5@Ua`AB,mstubbsaq
388,kroscampar@wufoo.com,cZ3}g5G,nleadbetterar
389,kyarras@canalblog.com,dQ1@l7,ddevereas
390,ggumnat@dailymail.co.uk,"sD3'7*""/~shK",qmcgillivrieat
391,jpappinau@multiply.com,bD6!uRxu,fdacombeau
392,avernonav@scribd.com,rO4=rBH,bbaldingav
393,eluckinaw@constantcontact.com,eU4$+bA,rbromageaw
394,cmehaffeyax@businesswire.com,sM6&c*>,wmatijasevicax
395,cpendleburyay@mapy.cz,"xP6,XEef",cleviay
396,mruskeaz@ucsd.edu,vW9`yv,vwhiffaz
397,hlukasb0@sakura.ne.jp,iW5&rH{93,fducarelb0
398,dwilldenb1@hibu.com,dY1$G%}L,nkingslandb1
399,adeereb2@examiner.com,gV3>E#k,mdeathb2
400,tdonalsonb3@reddit.com,mV0~8zSJ,dpillingb3
401,bmanselb4@slashdot.org,yS0%r%t~`cf,mmoreinisb4
402,halekhovb5@mapquest.com,rE1>vS!Dy,mferneyhoughb5
403,dlowlessb6@upenn.edu,lM3)7M#b,mdunstallb6
404,rshrawleyb7@businessinsider.com,gG1'AC7,aeddisb7
405,amcgilvrayb8@dion.ne.jp,yN1'0BY1C,apinkb8
406,krutledgeb9@sina.com.cn,vP2*lf,hlearmountb9
407,bgallardba@google.es,"aM1""y$x",ckelfba
408,psidlowbb@oakley.com,tC8`O.EFG,mcallingtonbb
409,vtinklinbc@cloudflare.com,tQ1<i09,gkoppeckbc
410,ohansleybd@xinhuanet.com,eO3<Ou,cambrosibd
411,clindrobe@sphinn.com,cH1*V\E(,wluxfordbe
412,gruprichbf@cdbaby.com,oP5\JhOg,bspeakmanbf
413,srubrowbg@rambler.ru,vQ8/Wx=lN,jlumbybg
414,ceyambh@miibeian.gov.cn,iU8$U7W,tcampbelldunlopbh
415,amillicanbi@chron.com,xW2$S6WR,qallawybi
416,bgodbertbj@symantec.com,iN6+0eAy\,ajoskovitchbj
417,wkettsbk@ox.ac.uk,kJ1$/ztTNE3,fkesterbk
418,ckruschovbl@bloomberg.com,"sL3,X&4MY8/s",fsapsfordbl
419,bstychbm@wikispaces.com,"rF4'+r2*<,",mmcreidybm
420,aceelybn@ycombinator.com,cS9<T`0dZQn,chattbn
421,ldaldrybo@fc2.com,"sS4.j,\=)",tagronskibo
422,ajukesbp@marriott.com,vO4!G0,ehaggettbp
423,dsmalcombebq@surveymonkey.com,mC5\xXEQTMq,cdeschleinbq
424,aweymanbr@printfriendly.com,zU7%>'DQ,wportwainbr
425,cshavelbs@ow.ly,"hM4,p""PDP!6",cgoldabs
426,dharlickbt@imageshack.us,wM9&ENrDy,awreakbt
427,ldorkinsbu@arstechnica.com,"bJ8,ufAJZQe",aaikenbu
428,aeratbv@dailymotion.com,vC2)`u8u\{|,pmcgettiganbv
429,dmackeebw@uol.com.br,fF8=(uGT%,bmarkosbw
430,dheggesbx@yahoo.co.jp,cX7<\%j=vxf,mgwiltbx
431,gartistby@reference.com,zS0?$w,rbrazilby
432,lquadlingbz@ezinearticles.com,iO8@FD,mkleinstubbz
433,amainstonc0@goo.ne.jp,pY0&Jw?`~U{C,sleattc0
434,adacthc1@youtu.be,oX7/wCO7\L{,ewhitcherc1
435,dsummonsc2@nydailynews.com,oW8<uRm~,rjoddensc2
436,okrogerc3@ning.com,hM0(p%cF,vwedonc3
437,agoodludc4@cmu.edu,wS4`!~/T,ptreharnec4
438,rmuzzinic5@homestead.com,mU8+'5*7C$o,hnoadesc5
439,baxtonc6@slate.com,"mU5$&""@w",nwilkiec6
440,cadamovitzc7@miibeian.gov.cn,gL4>pr&L1X,rperaccoc7
441,hjuanc8@uol.com.br,rF6$z$CY3),bweedsc8
442,blakentonc9@infoseek.co.jp,pB2_G!znf,cstockmanc9
443,ajevesca@jugem.jp,vK5@LZk,jmacgaheyca
444,rsteelycb@tumblr.com,eR4{6/8,dproschekcb
445,mpellewcc@jiathis.com,bO7'P5Z2b,lmcgonigalcc
446,thindescd@globo.com,mV5}Tr*HGJo,jhubancd
447,mtiffince@mashable.com,mL9=GRm`,akunace
448,bmckelveycf@theguardian.com,gU7?2U',alambethcf
449,cziemscg@github.io,uN7{NM(,wlenthallcg
450,emorrallch@tamu.edu,vX2\l4,shughlandch
451,bendrizzici@webeden.co.uk,"xF7""R}fOtm",tgiacomonici
452,imcgrowthercj@about.com,eB0_#c>,emcasgillcj
453,bspeirck@huffingtonpost.com,"vH5'6zW#r,!N",hchecock
454,sheildscl@jimdo.com,wX2/42,cjillinscl
455,arubinovicicm@tumblr.com,tP5*~?>KI(O,vgrillscm
456,wgrigscn@nytimes.com,iS9<\lC%Z,lingarfillcn
457,khedgerco@thetimes.co.uk,jV1$TGi0,dbomfieldco
458,dsoppcp@shutterfly.com,cJ9*<0U=,dlevershacp
459,kbonettcq@etsy.com,tN1\6D,sclosecq
460,acopnallcr@bluehost.com,qU6(Nj,gmardlincr
461,fchillingsworthcs@statcounter.com,wT3=NM,emoseleycs
462,rmclachlanct@nyu.edu,"qS5,,.&1",mkingslyct
463,agalliecu@technorati.com,iQ6=J_E7D=,rhentzecu
464,egatrillcv@nydailynews.com,zO6\pwh~tM,epentycrosscv
465,mkarimcw@hostgator.com,eK4#xrl,csterrycw
466,obaymancx@yellowpages.com,"pK9,zu",fheartcx
467,lvettorecy@sfgate.com,"xY4`).Y4p,",ssabbency
468,mtembycz@altervista.org,xV7.lq,tmeadecz
469,mcrond0@scientificamerican.com,fV6=Wm20r,lsimonotd0
470,denochd1@wsj.com,nO3%1E,rsleafordd1
471,dchatenetd2@last.fm,kD3)cC~~9,ooffilerd2
472,lwindsord3@newyorker.com,jO3>otz&TA>,jweblandd3
473,ostumpd4@slideshare.net,rQ8|Q<dIHP=,dreeved4
474,charesnaped5@webeden.co.uk,oJ2)JSE|2,avannsd5
475,nnarupd6@facebook.com,yP6?<4f?,hmartynd6
476,dkeyhod7@businessweek.com,iP4{'Q(I,dalfonsettod7
477,bdykinsd8@nhs.uk,gZ1@>&BX~S,sjosiahd8
478,awoodierd9@cornell.edu,dW8}klJux%gc,bweinsd9
479,vkemsonda@nbcnews.com,hA1'#bTP,htremainda
480,mschafflerdb@princeton.edu,eR3(?=@g,swantlingdb
481,haylettdc@goodreads.com,"nK4=&!,!",ecapseydc
482,eflemmingdd@comsenz.com,"aQ4|~(_h=98""",atomblingdd
483,bfildesde@squidoo.com,tC3{dH),tofogertyde
484,mbarnsdaledf@shutterfly.com,sV4(FkT},mliggonsdf
485,rlovewelldg@a8.net,uC7$%z1SZ,kyeudedg
486,lbareheaddh@biglobe.ne.jp,mU7|XBCp!OS<,acurseydh
487,galgiedi@netscape.com,wC0#8.BysY_a,bdarceydi
488,agerhtsdj@state.tx.us,nB9!8},chardakerdj
489,rnawtondk@hp.com,vY2\Uf,dloguedk
490,mmoutrayreaddl@com.com,fM2#8G!9HX,mlivensdl
491,agladdindm@bigcartel.com,"yW9""p)Jx",jkerndm
492,dsylvainedn@people.com.cn,"mY5""~1%X",scolvilldn
493,ccarlickdo@ted.com,rM2%etMhS~W,sjackdo
494,fbromwichdp@spotify.com,"mW1,4C0",droelsdp
495,fmarkovadq@wisc.edu,"wW4,X&O",cbenfelldq
496,sflattedr@imdb.com,iT1~9s$,jcabrerdr
497,ebungeyds@mozilla.org,xL0%LML`5gx,avanderweedenburgds
498,htheakerdt@yellowpages.com,uZ1=ep,eplankdt
499,kolenanedu@utexas.edu,aO0\eAM!,tderrettdu
500,csasserdv@tiny.cc,gL7!f+,abroadwelldv
501,tmiondw@themeforest.net,"hT5,""%j%SH",nkentwelldw
502,amacilriachdx@rakuten.co.jp,wA7's?z1r,mcadx
503,pcambelldy@xinhuanet.com,gR9#DT,fmalcolmdy
504,cdisbrowdz@jigsy.com,"mW3!,|2m`n~",fcarrabottdz
505,pdeathe0@issuu.com,tA0$yx@&9/Y5,aselle0
506,rgelemane1@stanford.edu,"gR4,M%",gbehrendsene1
507,irousbye2@psu.edu,sA3&Oths'tjw,ncallinane2
508,ndibbene3@sogou.com,nA9<Gz.&,rlunde3
509,dkrysztofowicze4@shinystat.com,nV6#U8RH$8,rpirronee4
510,mmuncastere5@ted.com,vE4&0WF,tkitchinghame5
511,kledrame6@vinaora.com,nM0$qI?,cbrimblee6
512,balbrightone7@time.com,rK2.bXAp+?T,mreynaulte7
513,bcordeaue8@admin.ch,cV4.BZP,rbulline8
514,bdayee9@yelp.com,eT2?0b,ipetchere9
515,lwoodlandsea@opera.com,"zL7""k$W",rbergeauea
516,cfredyeb@phoca.cz,"iT3)FPyA""",kfilippuccieb
517,kallewayec@mlb.com,kE4$iTF/,kwebberec
518,nglenned@economist.com,rK5\Th+},wegeled
519,cfirbyee@prnewswire.com,"mV8,`a",cscathardee
520,epolgreenef@google.es,mT1(Iv`Mi,jcowelyef
521,ckenealyeg@homestead.com,wO6<rL9A,jcourtenayeg
522,jporkereh@hud.gov,qF7+6b,tstokeeh
523,snighei@google.es,"eY1``""U",olitherboroughei
524,pketchellej@purevolume.com,nW7*}=*@$+Jl,holiviej
525,dplanteek@youtu.be,"yF0,@Z#\",espencersek
526,psimondel@imageshack.us,nV7)1'n*u1W,rjeaffresonel
527,jschwiesoem@freewebs.com,xS6`PFH3.,nklimochkinem
528,etulipen@behance.net,hM6!QU\N,ldinckeen
529,sconwayeo@g.co,eW4?}GKH.,dgraineo
530,wdanisep@businessinsider.com,mP2`eAj!gq${,cbecksonep
531,dmoffeteq@fema.gov,kJ4)zk,mbunneyeq
532,smilhamer@xinhuanet.com,mV3_lj<N!4bc,rpattendener
533,gmcdonnelles@prnewswire.com,dX9.pEVKOUI,gbelches
534,mzorzenoniet@slashdot.org,pW2$zX{4`Ah,dwickendonet
535,schowneeu@amazon.co.uk,gB3$SW*cu)+,ckehireu
536,csherrumev@who.int,iR1$U81i/nMM,tnegalev
537,gmurdyew@cnn.com,mG5(AMq>u*=|,epetraschew
538,pzornex@eepurl.com,"oF9,2KE$",emacsporranex
539,ckaysey@reference.com,kG0}af1O0c,darnaudiey
540,cghiottoez@arstechnica.com,hY9+L\Z7?,fduthieez
541,kgrievef0@cnet.com,"hR2""}F~3*",wdeningtonf0
542,ddaveridgef1@slate.com,aZ3`!i`x|oO,abowcherf1
543,dfruinf2@nba.com,qE4<QT%oI,xcongdonf2
544,rplunkettf3@walmart.com,sL6*$mjY',jbouldsf3
545,omeneerf4@nature.com,dE3'91b!2|/z,cmelinf4
546,rmatyatinf5@bbb.org,sA8{>G>,tglaisterf5
547,isweettf6@studiopress.com,hK0@GRr,eholdallf6
548,avreedef7@clickbank.net,"tA3}Y9jS,5gu",rlowndsf7
549,srossanderf8@so-net.ne.jp,"eL6,STpL",dlipmannf8
550,mhussetf9@yale.edu,qK1<W',gjosselsohnf9
551,lpaggittfa@cbslocal.com,fS0<fKh+,egeneverfa
552,danwylfb@newsvine.com,zQ3+$F/,packlandsfb
553,rlatekfc@technorati.com,"bL6.Y""8|VHR",gernkefc
554,kadshedefd@ezinearticles.com,wJ5)m*%,shenaughanfd
555,rbeckfe@qq.com,yJ4{XYMl&S(%,dairthfe
556,fgatheralff@mayoclinic.com,lX6>xMBe~,pmcgurkff
557,hherriesfg@dot.gov,oM0\n5|S'_,jbeckenhamfg
558,lmatushenkofh@dot.gov,qN2'=3a&!Eb2,hbucknellfh
559,ofaccinifi@cpanel.net,gM7(m#yj,tbracknallfi
560,jrentollfj@columbia.edu,"jF8""}ZcN",pstaddonfj
561,jmargeryfk@wisc.edu,yM2.J8,wjenneryfk
562,jburbudgefl@cisco.com,hJ2\c/2cC6<E,gswantonfl
563,rgerretsenfm@reference.com,hN7/VHdzJ,estlegerfm
564,pleakefn@xing.com,hI0%L=T$>,rviviansfn
565,kduxfieldfo@opera.com,bM2}sA5o,nmolesworthfo
566,icundefp@state.gov,dI3!&!b,acurtoisfp
567,mfeldmanfq@miitbeian.gov.cn,jN0+P@2}i{75,apetkovicfq
568,hodeveyfr@economist.com,"pU9=3,5!Rx}",fcoggerfr
569,wfanthomefs@printfriendly.com,zP3*#pV=o,mwickendonfs
570,aellettft@google.es,oG9!fs$QLLV|,clokierft
571,jtowlefu@apple.com,nK8*V@{/|,cangierfu
572,nsailfv@bizjournals.com,pI1'g/s3l7,nvescovofv
573,relvishfw@spotify.com,cV6<1}*oC,kpedrickfw
574,bjeandotfx@sphinn.com,"fK5,mH7#",dyakovlfx
575,acodmanfy@booking.com,gL9&c~,npengilleyfy
576,cklainerfz@discovery.com,jK5!Zg`U#c2,sblakeyfz
577,jrochfordg0@ehow.com,mY6)ff3/z,jbeeg0
578,lonionsg1@cpanel.net,rX5&8_qqq,rimesong1
579,ssainsberryg2@aboutads.info,"dI0_u0nye,T0",rallwardg2
580,cgabbitusg3@vinaora.com,rR5)Q5~Bwu/x,krizzoneg3
581,lridesdaleg4@slashdot.org,lN7<K211oYb+,cdoorlyg4
582,sstanlakeg5@a8.net,qF1_9FOY,qfetherstong5
583,cmyrickg6@drupal.org,qE5~LuF,blancasterg6
584,tmoseyg7@washington.edu,nY6/COXkWD,hruffeyg7
585,ggeeraertg8@w3.org,mO6/z$52lqeg,ntroyg8
586,tackwoodg9@theatlantic.com,eI7*W}{{W,mleprovestg9
587,blevanega@cdbaby.com,kR2)YC,tbolusga
588,jduffilgb@imageshack.us,wO1'}<U,tstaniergb
589,gcroixgc@hatena.ne.jp,hM0?_zA_R@,ipickerellgc
590,kgeppgd@indiegogo.com,wW7@gZ@6ml*,ktomczykowskigd
591,iisenorge@mit.edu,dL2@UB,cduchamge
592,cthurlborngf@tinyurl.com,rK1}upDyj9/,rrattraygf
593,rpyfordgg@squidoo.com,"gZ2,Lr",rgemelligg
594,cdutnallgh@hubpages.com,"dB4,8xh",apachecogh
595,vprinngi@soup.io,tL8_P`Y,skordovanigi
596,ethomassengj@sourceforge.net,nI1.WP_*5u#q,mmaclaughlingj
597,mbartkegk@youtu.be,nM4@RfQKoXBS,sfosserdgk
598,gibangl@newsvine.com,"aZ2%<rw""4",ndoltongl
599,kdoogoodgm@tinypic.com,"dD1,}W0f+k",pswiffengm
600,selnorgn@icq.com,"gQ0,`G?",ctoffalonign
601,dstallybrassgo@hostgator.com,zV7~\tFGN,kcheersgo
602,ekleisergp@hc360.com,rV2<4SXF,srosenkrancgp
603,fsainsgq@lulu.com,sN9\_GJ,babsongq
604,cjirucagr@homestead.com,wW7%8PT.m,cjanasgr
605,alepinegs@apache.org,qQ8?v84,zgyrgorcewicxgs
606,hdranfieldgt@lulu.com,qP9(DL|*jv,kpymergt
607,sfronekgu@mediafire.com,pI3!5l},bseviorgu
608,adanettgv@sogou.com,mE9}&~s'.*K,dchaizegv
609,bclapshawgw@feedburner.com,aT3$P_N%bo/,hfalconargw
610,mdesortsgx@bandcamp.com,oR8\QPu2,tkernaghangx
611,rburdfieldgy@facebook.com,bM1{k&6?A3m,lmccurlyegy
612,cedinborogz@hhs.gov,hS1)WX,rpinchbeckgz
613,smontesh0@google.ru,gX6!4>h,lmillicanh0
614,tdemeridah1@utexas.edu,cW9?JEVjkN,egookh1
615,ejaneckih2@1688.com,"kO7,l6V_",gtordoffh2
616,ocluatth3@slate.com,"sO1#r,c*mX",ctrinkeh3
617,bebbinsh4@xing.com,bO0(2rnJ,jconnealyh4
618,rmcknishh5@unblog.fr,pP4~N8*},cburvillh5
619,mtolemacheh6@alexa.com,jN6_@a,mborsih6
620,staffieh7@hugedomains.com,yM1|_bG4C,mschusth7
621,cshippamh8@dell.com,yY9)*)Z3,nolliarh8
622,nfermoyh9@devhub.com,dC3|xVS1k0y,yparffreyh9
623,mlecornuha@zdnet.com,gN9\K8B8,gfranchyonokha
624,kbruntjehb@newyorker.com,"gU6""v8G)3u",alerehb
625,mcostonhc@statcounter.com,oC0(PFFlv,mabotsonhc
626,aquinethd@ibm.com,yB1{AG,pebyhd
627,mpenrethhe@friendfeed.com,sM6!tBp,nvilliershe
628,asawbridgehf@bing.com,sZ4/NZaoQ},rbuxcyhf
629,fotteryhg@vistaprint.com,iI4$#}iF*Vj,ahothersallhg
630,jsteershh@pen.io,"yM3|o""!iRa}",gsawneyhh
631,tpilsworthhi@pinterest.com,eA0*`cX,wmordantihi
632,bblasgenhj@mozilla.com,sZ2(avg{#1%j,mbalderyhj
633,hogradahk@slideshare.net,"gN5+`""nJv6Gj",aaizichk
634,edawtonhl@wikispaces.com,"cF9,UKda",hashhl
635,gboothm@xinhuanet.com,uJ4|a'd,ogaddashm
636,rredmellhn@paypal.com,eH6.3oV,afletcherhn
637,rfurmanho@google.ca,eY7.cddX,akindellho
638,kgeverhp@dell.com,vA6#g%kP/=<),ngeelyhp
639,edawtryhq@army.mil,iR5}@b)GR,cschwanthq
640,tscantleburyhr@mashable.com,wS7+\+a,jdooleyhr
641,geakehs@devhub.com,"rH7{$,XEU",gjestyhs
642,vbulleneht@github.com,jG3|2'r,fgentzschht
643,ghardypigginhu@ft.com,sZ5<FJvp6_L,jferrinohu
644,drowehv@craigslist.org,uV3}5Z(_,anotthv
645,echristoflehw@pbs.org,"eJ8|""hb",lhallamhw
646,stommaseohx@independent.co.uk,xE5?)zMh,mwatthx
647,gfochshy@google.de,qG3?fcL%3,teddishy
648,jstolleryhz@ovh.net,gG0+v.5B,blettsonhz
649,vdepaepei0@aol.com,"xE8}""j#mGFjX",ewhellamsi0
650,bcamilioi1@forbes.com,"lR9`,3RW",gcrossei1
651,pdarbeyi2@lycos.com,"sS2""C9y",tfawderyi2
652,ntanderi3@kickstarter.com,fD4'<BO6,ikennardi3
653,okobui4@scientificamerican.com,xU5|F+,pmalcolmi4
654,mbanasiki5@feedburner.com,"kY7,#Cy",fhakei5
655,cminchii6@tamu.edu,jN7@SxD\M,kbromehedi6
656,borfordi7@go.com,lY2<Ml,gredshawi7
657,hcamousi8@dagondesign.com,sL7\}G,lbernoleti8
658,dpontefracti9@google.cn,eZ6\F(,fbamptoni9
659,cadamoia@accuweather.com,vU3{lCU)?6x,bgowlettia
660,mhusherib@java.com,pK5`}*MOh,ikeelyib
661,mhartfleetic@census.gov,iN6}%c4?yW\,rgrisdaleic
662,dbootherstoneid@jimdo.com,"tE0$#,",achurchlowid
663,acaldaroie@arstechnica.com,aE4|~D}O,gsteedie
664,gastillif@dagondesign.com,fZ2~l>,jliggonsif
665,jskillingsig@apple.com,"wX5$n,",rbransbyig
666,amcrobbieih@istockphoto.com,fQ5=~y,jkermannesih
667,jdurtnalii@baidu.com,yN1<)8sAIsh,ocousheii
668,plaingmaidij@netscape.com,fV5@w.DI`,mscuttsij
669,kburnistonik@yellowpages.com,sP0?gXn#{P,ccoughlanik
670,mrooperil@google.com,rB0<Q$o,gcrameil
671,dsagarim@technorati.com,iK0<=frvz}Y,rpochonim
672,wreussin@zimbio.com,pW9{(~.jf<.,mstutherin
673,hcarlisleio@last.fm,hX5`pRwO+&+,apartenerio
674,hlindoresip@nyu.edu,uQ4=N=76G,dosgordbyip
675,cforestalliq@usatoday.com,lT8$_b*>,bagettiq
676,gackermanir@huffingtonpost.com,vT1*?/m,elowdeir
677,ddescroixis@reverbnation.com,sC4~YZ,fsimeoliis
678,bpickerinit@cbsnews.com,cA1|sH,ttweedleit
679,rbrocktoniu@goo.ne.jp,xI8{1P,mosgarbyiu
680,sashmentiv@reference.com,"mF4'.1@R2""",fstilliv
681,cserotiw@flickr.com,tK6{hQYL$,smazzeyiw
682,scanferix@webnode.com,yY9/+NxLqLx,hkaplanix
683,wpirazziiy@netscape.com,"qD1,B?&E",icaulliereiy
684,enastiz@myspace.com,xK3'F.iiQ2w,lrivittiz
685,kcalvenj0@springer.com,pH7}f#,jbruhnsenj0
686,cjosephj1@miibeian.gov.cn,tA2'~3JFK,jmccayj1
687,bgiannonij2@gmpg.org,lN3_U*Sl,bmacgowj2
688,cplumridgej3@tamu.edu,"dQ1$c,rVn#",bwhorallj3
689,rtalj4@hatena.ne.jp,jP5!5JzvN~<,jtiebej4
690,pknappittj5@dedecms.com,aT6}f5(+qhoT,kbatecokj5
691,ncardenasj6@miitbeian.gov.cn,gY3.hbpdw,iappsj6
692,lwaplintonj7@ustream.tv,fB0*0$,omcpeicej7
693,hdowdallj8@ow.ly,vP7{M*p?,bbrownhillj8
694,vjusticej9@imageshack.us,"rJ0.""J`ArDaZ",mdagleasj9
695,ogofordja@bigcartel.com,xW1@DS,mcosynsja
696,sbaynesjb@ifeng.com,"xL8+_B,M",ttohilljb
697,kgranthamjc@cbc.ca,gC3$4fTt.,bdibsonjc
698,vbeevorjd@amazon.co.jp,aI4!U}xVT,mleicesterjd
699,wsolowayje@hugedomains.com,qU1@Ns,gdoogoodje
700,agoggeyjf@chron.com,aY3({~,socorrinjf
701,ldenverjg@sun.com,gW9.MD=oMW\,dcheeneyjg
702,crentolljh@cbslocal.com,pN0+_3,dpressnelljh
703,aheliotji@dedecms.com,hI5'd#2>}n,cmartensenji
704,jassadjj@instagram.com,nL6(&d2,jstocksjj
705,mhearonjk@google.it,lQ1|Kk}|,rfarlowejk
706,scandishjl@home.pl,"bP5=WIf3F+,",dsuthworthjl
707,sreisenjm@redcross.org,"wX1,}!9F",ggiraudouxjm
708,fschutterjn@woothemes.com,dY9!ply%zd4H,ibogacejn
709,aliddlejo@constantcontact.com,cK8.C+32,abharjo
710,rdaskiewiczjp@forbes.com,wJ9}8y1@,dbuiejp
711,psomersjq@shareasale.com,qR4/rzd$KPC,bclimancejq
712,lcuttingjr@berkeley.edu,"rF1/+6v""S",shalbeardjr
713,agumbleyjs@smh.com.au,rJ7!WR<z,mstowelljs
714,eheijnejt@npr.org,oA4?~u,barneckejt
715,alabordaju@alibaba.com,aO9'#9maq(,vnewcombeju
716,mwhitlowjv@tripod.com,bF0}as,cdudmanjv
717,croddamjw@sina.com.cn,kA3\0}2Lsn{8,dcarrelljw
718,lurianjx@comcast.net,dT4+SQ,wwestalljx
719,dbessonjy@etsy.com,bV0$z9B,pmacallamjy
720,jmanvellejz@moonfruit.com,eV4&{~J=!Sd,hferreojz
721,gclayalk0@chicagotribune.com,wH5@E~O>',druggenk0
722,vprewerk1@nsw.gov.au,oZ0/jhEQ,switherbedk1
723,nstanwixk2@sogou.com,oG0+fo11!.M,logroganek2
724,ebogartk3@about.me,wB9)'2If,mryamk3
725,aruttgersk4@fastcompany.com,pF5&#7h)I(z@,vdowek4
726,wcadwellk5@amazonaws.com,bM1=?N=4,cflamankk5
727,fgardk6@vimeo.com,vY7+r{c,fsparshuttk6
728,hrainsk7@angelfire.com,bA0~h#sI,bmoninik7
729,aalbonk8@hhs.gov,tA8@wbZrxK<,pgrenehamk8
730,dinmettk9@bloomberg.com,fL4/|ygU<*),zstarmerk9
731,mbudnikka@stanford.edu,gA0#P>Ov`_,jentreska
732,jheiskb@bigcartel.com,sZ8.Q}wI*\A3,kbortolinikb
733,bdibbertkc@youtu.be,"cD9&aSN5""+<_",wkesperkc
734,pmacgeaneykd@godaddy.com,rQ2~NR*,dklimentyevkd
735,cmacnairke@harvard.edu,jJ1*C~As*bR,tdelleschike
736,bdesboroughkf@unblog.fr,qI3|x@WUJ,eembureykf
737,asumnallkg@cdc.gov,zE5~y5?),izarfaikg
738,sshamakh@printfriendly.com,"fR5/,wn_R'?H",mcallankh
739,lmchirrieki@cnbc.com,yW7|uKef~9O,jlightollerski
740,ssimmerskj@fotki.com,qF3?y{S{,ncalderakj
741,handriveaukk@bluehost.com,dK1!A\I,ogautreykk
742,aaymerkl@google.de,"wX6?UP""xbj",mhonischkl
743,fhulkekm@webmd.com,fD6'qu\V,acollyerkm
744,cbrabbankn@rediff.com,cE5&Ju#cs,cdahlbackkn
745,pbroderickko@jalbum.net,gA4@%cxs6&,smcelvineko
746,msollamkp@yellowpages.com,hQ6=w=K,lcoursorkp
747,grhucroftkq@ihg.com,fM8>j%JGAN3,bfreebornekq
748,swinsonkr@ehow.com,"kB9&~<J""PS#",gtincknellkr
749,cschutteks@people.com.cn,tG9`qq89NP,smcilwraithks
750,nfaucettkt@cdbaby.com,iQ2!)7s7,astraneokt
751,dlawryku@lulu.com,iT8?x\vd,nberrowku
752,dsandercroftkv@skype.com,"xQ3""9itH+0X)",adifranceschikv
753,awestwellkw@wikispaces.com,"sP8""Up<",kfranzelinikw
754,rbenasikkx@last.fm,fY6|Uu$J$!ad,nhavockx
755,ifantinky@hp.com,"bK4}""+oMJ5Od",jchingeky
756,mfilippovkz@loc.gov,zW6=`(,mreinbachkz
757,cthorndycraftl0@joomla.org,kA6!6K,sfeaseyl0
758,dkillelayl1@ed.gov,mJ0!mWxL,bpavinesel1
759,cdanilovicl2@reddit.com,pZ6>'aCMh%K,bpinsentl2
760,bcuttsl3@usatoday.com,yP5~z9UTb2K,elahivel3
761,klaurenceaul4@php.net,wH2!G%}tE},jgrimleyl4
762,mdockreyl5@nhs.uk,"uP3""tRZ",dsillickl5
763,kackwoodl6@edublogs.org,"wQ1""+%nTirK#",hweekl6
764,vbeasantl7@squidoo.com,oY4<nl\X)coN,pgreavel7
765,cwellstoodl8@time.com,hH6/i6wZ,vmawhinneyl8
766,cdendlel9@google.com.hk,kP3*$pDn4vY,njorinl9
767,jculbardla@guardian.co.uk,mV7<Oy=5k/2,astirzakerla
768,zpoolmanlb@google.com,aD0|?1d5C,csollonlb
769,sscotcherlc@behance.net,uQ1.pLXkw6R*,hjaimezlc
770,eimpeyld@joomla.org,xB0`?%0(s55,lcowlingld
771,bblayneyle@arstechnica.com,"tU1""""f!H",inorthrople
772,ndearylf@nsw.gov.au,tF7*Eib,sbartenslf
773,sromandlg@phpbb.com,"tH4`,tE",ibownesslg
774,bwoodroffelh@tinypic.com,sX1<!8uxn,skarpmanlh
775,bpulequeli@trellian.com,wQ6)Y',kmalserli
776,jbeakeslj@theguardian.com,tR1|v!=,mweeklj
777,wwallentinlk@networksolutions.com,fN5+$4+d4I6B,kbirkmyrelk
778,cfarrinll@redcross.org,aC1@K!V,crennoldsll
779,vkneellm@bbb.org,lP4<&L92V=@,rmelleylm
780,caltyln@ycombinator.com,aM3/0?cW,cschultzeln
781,nspicerlo@shop-pro.jp,"iN3#C2""?A7/y",lgalerlo
782,acolbertsonlp@cdc.gov,yQ1`#bb,rchecchetellilp
783,sbrennekelq@lulu.com,xF0*CEuZ'6ok,krosettilq
784,pglaisterlr@indiatimes.com,sT8@9UO'sn?,mstaresmearelr
785,daccumls@creativecommons.org,eO0%mbz*5%i,fjeppls
786,thamptonlt@mediafire.com,qJ3|qUZ,mmerigonlt
787,sheisterlu@sun.com,cR7'l@pLO,mlomislu
788,dvicklv@mit.edu,kL1(7p+B,smcgettricklv
789,amafhamlw@forbes.com,uO3.ep8,ybrutelw
790,ssurguinelx@msn.com,gQ9*$'BY5,cditchburnlx
791,dgearly@columbia.edu,wJ5#MsHijFmo,dmarrowly
792,fmenguelz@japanpost.jp,lX9@{\d6,lpichelz
793,dstoadm0@squidoo.com,tQ2$'+FB,zmatussovm0
794,tdyballm1@icio.us,pG8(MM}<RN\i,cshellidaym1
795,iarendm2@imageshack.us,sZ5~\e>,mcolbertsonm2
796,mmcinnernym3@ask.com,oJ8#2}DH&,jgeachm3
797,beppersonm4@pcworld.com,"hH4""x12DEL&d",jloadwickm4
798,lfeedomem5@squidoo.com,qD2.|Gy,ihurseym5
799,cgrevilem6@about.me,cS3>/=3O'A_,idominicaccim6
800,mlinsteadm7@hp.com,mZ5/{Yb*,acroxonm7
801,ntuckm8@sakura.ne.jp,oE7.6/Q,sstollhoferm8
802,melgeem9@apache.org,"iV4""&zH4O",mbrockmanm9
803,adicarloma@istockphoto.com,uZ0@Jke/Uc_,mbattenma
804,flowthianmb@ed.gov,bA8|b|B,ldominikmb
805,ejendrassikmc@narod.ru,zV5>zRO{sru,sdalliwatermc
806,tberninimd@is.gd,"bS3+@,|TN",lkloskamd
807,jcalverme@slideshare.net,"oL6!7*K.,\C",tgonnetme
808,rvanyakinmf@icq.com,nQ5_hEyhkHQN,jgoodludmf
809,adanbrookmg@gov.uk,xY8}|kM,gmenlowmg
810,wstrafenmh@msn.com,eE7*(A{ukm},hsmallacombemh
811,rjankinmi@facebook.com,jH1+Di,ajorrymi
812,dwellsmj@com.com,gT0)ChBC,krigollemj
813,vchiplinmk@ft.com,aK0(M*s2,khehirmk
814,mludyeml@shinystat.com,yY8<Z6~2xENw,rwhittleseaml
815,bbiggenmm@acquirethisname.com,yS5}10c4AU,bnadenmm
816,hroughmn@facebook.com,yZ1?Sq'M6+,rblacksellmn
817,gpellingtonmo@qq.com,dS4@w+V(,jlumsdonmo
818,gswinerdmp@nytimes.com,uV3!o&.dleC|,aassadmp
819,emanketellmq@adobe.com,"pP8`JsbYTw""d",csappsonmq
820,kattawaymr@ask.com,yN0{%(\Bs,laymericmr
821,nshimwallms@cornell.edu,kC0?+VP,istrowanms
822,dhawkridgemt@biglobe.ne.jp,eS3#KYryTeM,jstredwickmt
823,afranemu@intel.com,bL7&MkkD*\t,awindlemu
824,mbowndmv@clickbank.net,iX5'2clF1,ddumsdaymv
825,ecundmw@nydailynews.com,rN3<Afg+,mdewarmw
826,lcosynsmx@gov.uk,eJ9$>r~v,hcasirolimx
827,ldegiorgismy@vistaprint.com,"tN7$<m,dn$C",ekesonmy
828,welsbymz@google.com.hk,xW1#0Zvm?,takrammz
829,wskean0@netscape.com,cT0@mZwY9S_S,vavrahamyn0
830,lbothwelln1@bbc.co.uk,"dX9#E""H4Z",llodern1
831,zbennettn2@alexa.com,jR6/F@L,eabramamovn2
832,rkillelayn3@pbs.org,"uK1,SC=~",dgudginn3
833,gnovellon4@123-reg.co.uk,pX6{TGef1vn?,agradwelln4
834,fmanchettn5@soundcloud.com,oK7#EY!/rME,imarrinern5
835,aanthonsenn6@ning.com,"iL0,_QA'<Q+",klewsamn6
836,aheindrichn7@prweb.com,sT2>oh!H3h,cknyvettn7
837,cbirchn8@sitemeter.com,hM8\FYrCw<ED,ncockerilln8
838,bskuddern9@guardian.co.uk,cO4!<2vPwb%t,bodonoghuen9
839,kpietrina@arizona.edu,"xU5/""kr?u=@",ghughfna
840,mruanenb@zdnet.com,lC7&fW/+WUN,lbrothertonnb
841,ahaughtonnc@sakura.ne.jp,vC9`Y.E_Aq2,korrellnc
842,edraysonnd@jiathis.com,xU6='&sRr,vgallafantnd
843,cpittendreighne@weebly.com,vQ2~{3apg,spetrelluzzine
844,ddobingnf@elpais.com,eS7}$\p,mbaughannf
845,benricong@jugem.jp,tG6\<`L,ncasseng
846,wbrunetnh@eventbrite.com,uS5*b~&$PJz,fwarwickernh
847,zmacranaldni@princeton.edu,sN8/~Q`D1,owagerfieldni
848,rpeerynj@mashable.com,aR1=kj4eF,mhoundesomenj
849,mgrundeynk@toplist.cz,wA8>UP,mpeaceynk
850,cmoaksonnl@sun.com,yF6%E+kIoz{,vsebrightnl
851,wduckernm@nifty.com,wZ3?|l,llyddennm
852,mburkittnn@github.com,dY0&Ip0lB~`C,nconaghannn
853,mstutelyno@google.com.br,lU0`3y{A.Zv(,mvellenderno
854,ialoshikinnp@altervista.org,oC0/O.}X*wr,bchapelhownp
855,dlonergannq@ezinearticles.com,qF4\Pf,rtomkiesnq
856,mcoggernr@taobao.com,"kR5$t,",dveltennr
857,csharramns@huffingtonpost.com,eJ0~sc1,sbrownens
858,pnoblesnt@mapy.cz,hC4(Yw*x',bstuchburient
859,egeerdtsnu@github.com,oX1<|1NK|0,mspuriernu
860,hbasilinv@blogspot.com,gK2\FX8mf,hswainsnv
861,btibbottsnw@nsw.gov.au,vA0?q\Z'HL,sguinannw
862,jrattrynx@walmart.com,rI0`&c{,brolfinx
863,lferrony@latimes.com,"cR6$,""",veveny
864,mmclaggannz@nytimes.com,aT2~5{NcpT*,elehrnz
865,egoulbourno0@yellowbook.com,xW1!+R|%KFa,acaveauo0
866,nsalliero1@theguardian.com,iM1@GP2,awarino1
867,jbrindedo2@si.edu,cF6|yf?z@FT,hmadseno2
868,ffeldo3@goo.gl,gW9&Pfg(h,vishamo3
869,rslosso4@wunderground.com,hR6~)!de4},molenaneo4
870,tfasseto5@edublogs.org,wR2.2B,bdoylando5
871,dchapello6@angelfire.com,wJ2$=%7{~w,ftejadao6
872,awinscomo7@discuz.net,wL3{CnsM+'d,jtatamo7
873,etointono8@seesaa.net,wA3\7hb9t,gsnodayo8
874,nmounfieldo9@ameblo.jp,lU8.9C|,lchippindaleo9
875,pkosoa@cocolog-nifty.com,bQ8.aF<vw,bpainteroa
876,uayreeob@vkontakte.ru,mC7)ARkf>,jklimovob
877,lnorkeroc@scribd.com,"wQ2@_We.z,C",scannonoc
878,kdemogeotod@narod.ru,"vR8`U3&(m""/",lshervingtonod
879,nguweroe@free.fr,"oO8{CCr|,csG",gdekeyseroe
880,aspargoof@google.com.hk,"rY6)&""",qswinbourneof
881,cnorthfieldog@hugedomains.com,"nX5"",e4>nI",gfrancesconiog
882,jfindersoh@apache.org,tY5$Pd0m,aectoroh
883,dfurbankoi@indiatimes.com,iV6&Me`3Xe_f,cjudronoi
884,esquibboj@gnu.org,"bM4~m>LDa>,N",faldousoj
885,abumphriesok@state.tx.us,cH8\@+l1I,adriffieldok
886,lpunchol@amazon.co.jp,hE4$9%\*$i,lloweyol
887,ldonahueom@unesco.org,gP6/Df,cadairom
888,ceixenbergeron@techcrunch.com,"eN1)ahQJvn""E",mberntssenon
889,sgorhamoo@berkeley.edu,wR1>|}Ff,jtabbernoroo
890,wjirakop@chronoengine.com,fF7<Hd%!~,jcampaigneop
891,slanteoq@unblog.fr,gA7\\Shon,mjoneyoq
892,epeyesor@qq.com,fE8!RX,wsheeor
893,cscobleos@slideshare.net,uY3>Z~D9eWZ,jchelnamos
894,wbutlerbowdonot@photobucket.com,"sA8)8""o",kfeareot
895,tgorlingou@elegantthemes.com,pI1<40y*IW+),ahampeou
896,jbernhardtov@nationalgeographic.com,tX0~DRA,sjoslandov
897,madamoviczow@wordpress.org,zA8>hLev*,adrinkhillow
898,deasdonox@webnode.com,"qA5""!Yle",evuittetox
899,vambrozikoy@marriott.com,"eW6,{4_6_gb",nsprakeoy
900,hjeffelsoz@linkedin.com,cU1?@r,sbasinigazzioz
901,bsconesp0@mapy.cz,aL0~SFjq}{,dedmundsp0
902,lmuneelyp1@free.fr,sI2__O\Ff,tjonp1
903,eciabatterip2@cocolog-nifty.com,mR4\zpz2x,nmuttockp2
904,ldownp3@omniture.com,pW0!/.,schomiszewskip3
905,kbickp4@uol.com.br,xL5%nAE\,gpethybridgep4
906,dyeardsleyp5@4shared.com,tN3#y*oo5Klm,adominecp5
907,gfrankump6@netlog.com,"wE2""YGr",bculchethp6
908,bfolkp7@va.gov,"tH9""'wle",hmckinneyp7
909,oondracekp8@skype.com,"uY5=Gs""\q6",crobottomp8
910,cmelendezp9@google.co.uk,"qD4,o#@b(eO",celmsp9
911,ablythinpa@blogtalkradio.com,qI3>S2v,apendlingtonpa
912,mantonellipb@gmpg.org,"hP3($~,w",kyakubowiczpb
913,tbouchierpc@canalblog.com,wG0<klT@I,tmackennypc
914,sricepd@mozilla.com,bH4+Q'yKp43,cpostgatepd
915,jboshierpe@cdbaby.com,jO5#8B@,mridoutpe
916,tcorpspf@timesonline.co.uk,vF4=ut}&ccy,klermitpf
917,jbaudtspg@buzzfeed.com,xP2`A0j).,mlarkingpg
918,epritchittph@live.com,lR8~Dy`3,gcockeph
919,sbirtwellpi@ocn.ne.jp,dH0*ut2?Gkc?,backermanpi
920,jschraderpj@vistaprint.com,"uK2@""~""+",msmurthwaitepj
921,gsudworthpk@free.fr,"pH7,5$0!=",agilberthorpepk
922,cwilflingpl@purevolume.com,rB8*e(k,mnisardpl
923,peldredgepm@hao123.com,gE4\ujW`1C%_,cwilkennsonpm
924,cholstonpn@plala.or.jp,aV8'lpFP,lcaldaropn
925,emaccauleypo@census.gov,"fB6,7Uq",ralpinepo
926,dbidgodpp@webeden.co.uk,hK7??82gx,cmcclintockpp
927,mdalstonpq@gnu.org,sL0)`*,ltaytpq
928,mimessonpr@cnbc.com,pL1<J=\,gconnerpr
929,ihanbidgeps@pen.io,sF4_\CqsFDM',jstummeyerps
930,tveljespt@huffingtonpost.com,vA9(7.E+BOYi,ppaintenpt
931,wbushbypu@techcrunch.com,"nN4""B$zsU""=",eskermpu
932,wtumiltypv@accuweather.com,yJ7{7n,kvardonpv
933,amcgivenpw@cafepress.com,tU3%GM5l,ncorneliuspw
934,wlightfootpx@wsj.com,"qE4'mfC,EYM",abattyllpx
935,dcholertonpy@is.gd,fM0<0_S,vhuddlestonpy
936,rdodsonpz@zdnet.com,"sC5.(j1dh,",lcastellettopz
937,jkeamq0@mit.edu,yY5&wM9A,msouthwickq0
938,ngomanq1@over-blog.com,sW3{JQzT,rspillingq1
939,pantonucciq2@yelp.com,uE6*{A.?~S,tdelacoteq2
940,bkidmanq3@miitbeian.gov.cn,zT3=JP.OqMNs,bvitteryq3
941,vbartlesq4@1und1.de,xU4>(',bivanonkoq4
942,oaugurq5@tmall.com,iP8{F?|He,escaifeq5
943,kphairq6@sciencedirect.com,"dN8,KVdtc_5",mpaliserq6
944,lhawkyensq7@miibeian.gov.cn,zD3@%+GT7Ta1,rguthrumq7
945,ustrowthersq8@prnewswire.com,lN2=dxQ%,eennionq8
946,tobinq9@unblog.fr,jQ4`6>,dbuskeq9
947,aloganqa@gnu.org,iT4'J%qx'?,cdanelutqa
948,jmelburyqb@github.com,qT2_i?~eyys\,cmeronqb
949,gsprottqc@moonfruit.com,qV6$yU3%&{,pgatchelqc
950,owattonqd@tmall.com,lJ4\=3g,hdorsayqd
951,mhalseqe@blogs.com,rP5'!z!FL(kI,lbrignallqe
952,ajamesqf@mapquest.com,xN2=l2,vfretsonqf
953,kscrimshawqg@pagesperso-orange.fr,kW7<X&,gcatterallqg
954,ntriponyqh@lulu.com,lI9>Lj@pD2',mpetigrewqh
955,dblackfordqi@soup.io,kJ2/S#bW_Si,bbaconqi
956,cpietroniqj@home.pl,wV5#C?w+Z2G#,rinkinqj
957,fpercivalqk@stumbleupon.com,mQ6<'h7,ccasperriqk
958,dgrelikql@oracle.com,kW6)(*,batthowql
959,dhellinqm@engadget.com,yU6`$E,fblaesqm
960,awitheridgeqn@npr.org,"oA3}UmK,N",gburnardqn
961,wgroundwatorqo@timesonline.co.uk,nD6>hZaG~,cplumridgeqo
962,mtaffreyqp@msn.com,xQ8\{FC5P<_&,iplesterqp
963,jdunabieqq@un.org,tT6&{>,jgribbonqq
964,dwheelanqr@fotki.com,zX9+#Fd4e,afarbraceqr
965,gharrapqs@boston.com,fJ1{9Uj53|KG,twellsmanqs
966,smcilvennyqt@taobao.com,aJ8\5Caph&,alangworthyqt
967,gbleakmanqu@plala.or.jp,jX9!D0,tboggisqu
968,eparmiterqv@yahoo.com,"jL9""I`j7qxI",wsillettqv
969,lfergieqw@blog.com,"hD6,>4#<|",ccoulthardqw
970,fstonemanqx@wordpress.org,cB6*@p\SYE',gbeastallqx
971,jrowlstoneqy@51.la,tE3_sVF'Y4sV,dholdronqy
972,mbrugsmaqz@webmd.com,oS0\mE\Mg&b},gcunniamqz
973,awillcockr0@usatoday.com,"rA5%,P*=@j5J",ghappsr0
974,mlemeryr1@last.fm,aM8`}NwVs2,rrosenfeldr1
975,msherr2@china.com.cn,yI1.#F,nheadinghamr2
976,adenger3@purevolume.com,nT0}b0%j?,pbendelr3
977,kmcquillenr4@surveymonkey.com,xT1|UoZ,lduferier4
978,vwhannelr5@wikispaces.com,kM3(\mj+1~,mharowerr5
979,cbroadberryr6@webnode.com,"cB9,{aQ|0",lschruursr6
980,wbullocker7@google.pl,dZ4!er~Hz$@,tlynaghr7
981,cnorsisterr8@hao123.com,iF0`4F,xbodicumr8
982,rdoylendr9@bluehost.com,xB3)=N6,cbrokenbrowr9
983,eyorkra@indiatimes.com,rB3/ZS'c'74,bbrankleyra
984,bsnookesrb@google.com.au,yJ0(QE,mmacknightrb
985,cwalheddrc@eepurl.com,aR1$W1XK23$,ajarradrc
986,freinrd@istockphoto.com,uP5$Ti\y2=I,cnobesrd
987,rkingzetre@deliciousdays.com,mS5%f(ax,kbleasre
988,lgavrielrf@nhs.uk,hV7=Y+L2%H,mgolbornrf
989,tleethamrg@simplemachines.org,"kG1=<.}""nX",kmcquarrierg
990,cgumbrh@twitpic.com,oI9=6sF~jU1,tfassetrh
991,aturbatri@ucla.edu,iX3.)9`Dlol&,jsmellieri
992,brobeconrj@qq.com,rH2+Z.8,sdemullettrj
993,seloyrk@godaddy.com,tJ1$6?3>U,jpentonyrk
994,dgallowayrl@adobe.com,mP7|}mq<,jodneyrl
995,npantecostrm@webnode.com,gR6)Ip?V,awheatleyrm
996,cenochrn@alexa.com,"oL5,Sw",cbidnallrn
997,jkielyro@cyberchimps.com,kI8$G3Ajm,astocktonro
998,sandrichrp@1688.com,mW6$UL7Rr4ok,dforkerrp
999,lbucherq@phpbb.com,"wO3%,Ue",shartwrightrq
1000,chandoverrr@networksolutions.com,"pI8/""(rX",abutlandrr
